{
    "swagger": "2.0",
    "info": {
        "description": "This is a sample server celler server.",
        "title": "Swagger Example API",
        "termsOfService": "http://swagger.io/terms/",
        "contact": {
            "name": "API Support",
            "url": "http://www.swagger.io/support",
            "email": "support@swagger.io"
        },
        "license": {
            "name": "Apache 2.0",
            "url": "http://www.apache.org/licenses/LICENSE-2.0.html"
        },
        "version": "1.0"
    },
    "host": "localhost:8080",
    "basePath": "/api/v1",
    "paths": {
        "/api/v1/goods/name": {
            "post": {
                "description": "通过商品名字查询商品的库存情况",
                "consumes": [
                    "application/json"
                ],
                "produces": [
                    "application/json"
                ],
                "tags": [
                    "goods"
                ],
                "summary": "Get Goods In Stock By Name",
                "parameters": [
                    {
                        "description": "Name--商品名",
                        "name": "{object}",
                        "in": "body",
                        "required": true,
                        "schema": {
                            "$ref": "#/definitions/GetGoodsInStockByNameRequest"
                        }
                    }
                ],
                "responses": {
                    "200": {
                        "description": "OK",
                        "schema": {
                            "$ref": "#/definitions/Response"
                        }
                    },
                    "400": {
                        "description": "Bad Request",
                        "schema": {
                            "$ref": "#/definitions/Response"
                        }
                    },
                    "404": {
                        "description": "Not Found",
                        "schema": {
                            "$ref": "#/definitions/Response"
                        }
                    },
                    "500": {
                        "description": "Internal Server Error",
                        "schema": {
                            "$ref": "#/definitions/Response"
                        }
                    }
                }
            }
        },
        "/api/v1/goods/num": {
            "post": {
                "description": "通过商品的剩余量供查询商品的库存情况",
                "consumes": [
                    "application/json"
                ],
                "produces": [
                    "application/json"
                ],
                "tags": [
                    "goods"
                ],
                "summary": "Get Goods In Stock By Num",
                "parameters": [
                    {
                        "description": "Num--数量",
                        "name": "{object}",
                        "in": "body",
                        "required": true,
                        "schema": {
                            "$ref": "#/definitions/GetGoodsInStockByNumRequest"
                        }
                    }
                ],
                "responses": {
                    "200": {
                        "description": "OK",
                        "schema": {
                            "$ref": "#/definitions/Response"
                        }
                    },
                    "400": {
                        "description": "Bad Request",
                        "schema": {
                            "$ref": "#/definitions/Response"
                        }
                    },
                    "404": {
                        "description": "Not Found",
                        "schema": {
                            "$ref": "#/definitions/Response"
                        }
                    },
                    "500": {
                        "description": "Internal Server Error",
                        "schema": {
                            "$ref": "#/definitions/Response"
                        }
                    }
                }
            }
        },
        "/api/v1/goods/supplier": {
            "post": {
                "description": "通过商品供应商查询商品的库存情况",
                "consumes": [
                    "application/json"
                ],
                "produces": [
                    "application/json"
                ],
                "tags": [
                    "goods"
                ],
                "summary": "Get Goods In Stock By Supplier",
                "parameters": [
                    {
                        "description": "Supplier--供应商",
                        "name": "{object}",
                        "in": "body",
                        "required": true,
                        "schema": {
                            "$ref": "#/definitions/GetGoodsInStockBySupplierRequest"
                        }
                    }
                ],
                "responses": {
                    "200": {
                        "description": "OK",
                        "schema": {
                            "$ref": "#/definitions/Response"
                        }
                    },
                    "400": {
                        "description": "Bad Request",
                        "schema": {
                            "$ref": "#/definitions/Response"
                        }
                    },
                    "404": {
                        "description": "Not Found",
                        "schema": {
                            "$ref": "#/definitions/Response"
                        }
                    },
                    "500": {
                        "description": "Internal Server Error",
                        "schema": {
                            "$ref": "#/definitions/Response"
                        }
                    }
                }
            }
        },
        "/api/v1/login/common": {
            "post": {
                "description": "普通用户通过帐号和密码登陆",
                "consumes": [
                    "application/json"
                ],
                "produces": [
                    "application/json"
                ],
                "tags": [
                    "login"
                ],
                "summary": "Login By Phone",
                "parameters": [
                    {
                        "description": "Phone--电话号码 和Password--密码",
                        "name": "{object}",
                        "in": "body",
                        "required": true,
                        "schema": {
                            "$ref": "#/definitions/LoginByPhoneRequest"
                        }
                    }
                ],
                "responses": {
                    "200": {
                        "description": "OK",
                        "schema": {
                            "$ref": "#/definitions/Response"
                        }
                    },
                    "400": {
                        "description": "Bad Request",
                        "schema": {
                            "$ref": "#/definitions/Response"
                        }
                    },
                    "404": {
                        "description": "Not Found",
                        "schema": {
                            "$ref": "#/definitions/Response"
                        }
                    },
                    "422": {
                        "description": "Unprocessable Entity",
                        "schema": {
                            "$ref": "#/definitions/Response"
                        }
                    }
                }
            }
        },
        "/api/v1/login/member": {
            "post": {
                "description": "会员通过帐号和密码登陆",
                "consumes": [
                    "application/json"
                ],
                "produces": [
                    "application/json"
                ],
                "tags": [
                    "login"
                ],
                "summary": "Login By Phone",
                "parameters": [
                    {
                        "description": "Phone--电话号码 和Password--密码",
                        "name": "{object}",
                        "in": "body",
                        "required": true,
                        "schema": {
                            "$ref": "#/definitions/LoginByPhoneRequest"
                        }
                    }
                ],
                "responses": {
                    "200": {
                        "description": "OK",
                        "schema": {
                            "$ref": "#/definitions/Response"
                        }
                    },
                    "400": {
                        "description": "Bad Request",
                        "schema": {
                            "$ref": "#/definitions/Response"
                        }
                    },
                    "404": {
                        "description": "Not Found",
                        "schema": {
                            "$ref": "#/definitions/Response"
                        }
                    },
                    "422": {
                        "description": "Unprocessable Entity",
                        "schema": {
                            "$ref": "#/definitions/Response"
                        }
                    }
                }
            }
        },
        "/api/v1/login/staff": {
            "post": {
                "description": "职工通过帐号和密码登陆",
                "consumes": [
                    "application/json"
                ],
                "produces": [
                    "application/json"
                ],
                "tags": [
                    "login"
                ],
                "summary": "Login By Phone",
                "parameters": [
                    {
                        "description": "Phone--电话号码 和Password--密码",
                        "name": "{object}",
                        "in": "body",
                        "required": true,
                        "schema": {
                            "$ref": "#/definitions/LoginByPhoneRequest"
                        }
                    }
                ],
                "responses": {
                    "200": {
                        "description": "OK",
                        "schema": {
                            "$ref": "#/definitions/Response"
                        }
                    },
                    "400": {
                        "description": "Bad Request",
                        "schema": {
                            "$ref": "#/definitions/Response"
                        }
                    },
                    "404": {
                        "description": "Not Found",
                        "schema": {
                            "$ref": "#/definitions/Response"
                        }
                    },
                    "422": {
                        "description": "Unprocessable Entity",
                        "schema": {
                            "$ref": "#/definitions/Response"
                        }
                    }
                }
            }
        },
        "/api/v1/orders/": {
            "post": {
                "description": "创建一份订单",
                "consumes": [
                    "application/json"
                ],
                "produces": [
                    "application/json"
                ],
                "tags": [
                    "order"
                ],
                "summary": "Create Order",
                "parameters": [
                    {
                        "description": "Phone--付款人账户|| SaleId-- 收银员ID ||  Barcode-- 商品条形码  || Discount--折扣 ",
                        "name": "{object}",
                        "in": "body",
                        "required": true,
                        "schema": {
                            "$ref": "#/definitions/CreateOrderRequest"
                        }
                    }
                ],
                "responses": {
                    "200": {
                        "description": "OK",
                        "schema": {
                            "$ref": "#/definitions/Response"
                        }
                    },
                    "400": {
                        "description": "Bad Request",
                        "schema": {
                            "$ref": "#/definitions/Response"
                        }
                    },
                    "404": {
                        "description": "Not Found",
                        "schema": {
                            "$ref": "#/definitions/Response"
                        }
                    },
                    "500": {
                        "description": "Internal Server Error",
                        "schema": {
                            "$ref": "#/definitions/Response"
                        }
                    }
                }
            }
        },
        "/api/v1/orders/return": {
            "post": {
                "description": "创建一份退货订单",
                "consumes": [
                    "application/json"
                ],
                "produces": [
                    "application/json"
                ],
                "tags": [
                    "order"
                ],
                "summary": "Create Return Order",
                "parameters": [
                    {
                        "description": "ordercode--订单号码 || sid--负责退货的员工的帐号ID",
                        "name": "{object}",
                        "in": "body",
                        "required": true,
                        "schema": {
                            "$ref": "#/definitions/CreateReturnOrderRequest"
                        }
                    }
                ],
                "responses": {
                    "200": {
                        "description": "OK",
                        "schema": {
                            "$ref": "#/definitions/Response"
                        }
                    },
                    "400": {
                        "description": "Bad Request",
                        "schema": {
                            "$ref": "#/definitions/Response"
                        }
                    },
                    "404": {
                        "description": "Not Found",
                        "schema": {
                            "$ref": "#/definitions/Response"
                        }
                    },
                    "500": {
                        "description": "Internal Server Error",
                        "schema": {
                            "$ref": "#/definitions/Response"
                        }
                    }
                }
            }
        },
        "/api/v1/orders/time": {
            "post": {
                "description": "管理人员可以通过这个接口获取到一段时间内部所有的订单记录",
                "consumes": [
                    "application/json"
                ],
                "produces": [
                    "application/json"
                ],
                "tags": [
                    "order"
                ],
                "summary": "GetOrdersByTime",
                "parameters": [
                    {
                        "description": "start--开始时间|| end-- 结束时间",
                        "name": "{object}",
                        "in": "body",
                        "required": true,
                        "schema": {
                            "$ref": "#/definitions/GetOrdersByTimeRequest"
                        }
                    }
                ],
                "responses": {
                    "200": {
                        "description": "OK",
                        "schema": {
                            "$ref": "#/definitions/Response"
                        }
                    },
                    "400": {
                        "description": "Bad Request",
                        "schema": {
                            "$ref": "#/definitions/Response"
                        }
                    },
                    "404": {
                        "description": "Not Found",
                        "schema": {
                            "$ref": "#/definitions/Response"
                        }
                    },
                    "500": {
                        "description": "Internal Server Error",
                        "schema": {
                            "$ref": "#/definitions/Response"
                        }
                    }
                }
            }
        },
        "/api/v1/orders/user": {
            "post": {
                "description": "用户获取到自己的所有的订单",
                "consumes": [
                    "application/json"
                ],
                "produces": [
                    "application/json"
                ],
                "tags": [
                    "order"
                ],
                "summary": "Get Orders By User",
                "parameters": [
                    {
                        "description": "Phone--用户账户",
                        "name": "{object}",
                        "in": "body",
                        "required": true,
                        "schema": {
                            "$ref": "#/definitions/GetOrdersByUserRequest"
                        }
                    }
                ],
                "responses": {
                    "200": {
                        "description": "OK",
                        "schema": {
                            "$ref": "#/definitions/Response"
                        }
                    },
                    "400": {
                        "description": "Bad Request",
                        "schema": {
                            "$ref": "#/definitions/Response"
                        }
                    },
                    "404": {
                        "description": "Not Found",
                        "schema": {
                            "$ref": "#/definitions/Response"
                        }
                    },
                    "500": {
                        "description": "Internal Server Error",
                        "schema": {
                            "$ref": "#/definitions/Response"
                        }
                    }
                }
            }
        },
        "/api/v1/profit": {
            "post": {
                "description": "得到一段时间内部超市总的利润",
                "consumes": [
                    "application/json"
                ],
                "produces": [
                    "application/json"
                ],
                "tags": [
                    "profit"
                ],
                "summary": "Get Profit By Time",
                "parameters": [
                    {
                        "description": "start--起始时间|| end -- 结束时间",
                        "name": "{object}",
                        "in": "body",
                        "required": true,
                        "schema": {
                            "$ref": "#/definitions/GetProfitByTimeRequest"
                        }
                    }
                ],
                "responses": {
                    "200": {
                        "description": "OK",
                        "schema": {
                            "$ref": "#/definitions/Response"
                        }
                    },
                    "400": {
                        "description": "Bad Request",
                        "schema": {
                            "$ref": "#/definitions/Response"
                        }
                    },
                    "404": {
                        "description": "Not Found",
                        "schema": {
                            "$ref": "#/definitions/Response"
                        }
                    },
                    "500": {
                        "description": "Internal Server Error",
                        "schema": {
                            "$ref": "#/definitions/Response"
                        }
                    }
                }
            }
        },
        "/api/v1/profit/name": {
            "post": {
                "description": "得到一段时间内某个商品总的利润",
                "consumes": [
                    "application/json"
                ],
                "produces": [
                    "application/json"
                ],
                "tags": [
                    "profit"
                ],
                "summary": "Get Profit By Time And Name",
                "parameters": [
                    {
                        "description": "start--起始时间 || end -- 结束时间 || name-- 商品名  ",
                        "name": "{object}",
                        "in": "body",
                        "required": true,
                        "schema": {
                            "$ref": "#/definitions/CreateOrderRequest"
                        }
                    }
                ],
                "responses": {
                    "200": {
                        "description": "OK",
                        "schema": {
                            "$ref": "#/definitions/Response"
                        }
                    },
                    "400": {
                        "description": "Bad Request",
                        "schema": {
                            "$ref": "#/definitions/Response"
                        }
                    },
                    "404": {
                        "description": "Not Found",
                        "schema": {
                            "$ref": "#/definitions/Response"
                        }
                    },
                    "500": {
                        "description": "Internal Server Error",
                        "schema": {
                            "$ref": "#/definitions/Response"
                        }
                    }
                }
            }
        },
        "/api/v1/sign/common": {
            "post": {
                "description": "使用手机号和密码注册帐号",
                "consumes": [
                    "application/json"
                ],
                "produces": [
                    "application/json"
                ],
                "tags": [
                    "sign"
                ],
                "summary": "Sign up Using Phone",
                "parameters": [
                    {
                        "description": "Phone--电话号码||Password-- 密码|| Name--昵称",
                        "name": "{object}",
                        "in": "body",
                        "required": true,
                        "schema": {
                            "$ref": "#/definitions/SignupUsingPhoneRequest"
                        }
                    }
                ],
                "responses": {
                    "200": {
                        "description": "OK",
                        "schema": {
                            "$ref": "#/definitions/Response"
                        }
                    },
                    "400": {
                        "description": "Bad Request",
                        "schema": {
                            "$ref": "#/definitions/Response"
                        }
                    },
                    "404": {
                        "description": "Not Found",
                        "schema": {
                            "$ref": "#/definitions/Response"
                        }
                    },
                    "500": {
                        "description": "Internal Server Error",
                        "schema": {
                            "$ref": "#/definitions/Response"
                        }
                    }
                }
            }
        },
        "/api/v1/sign/member": {
            "post": {
                "description": "使用手机号和密码注册帐号",
                "consumes": [
                    "application/json"
                ],
                "produces": [
                    "application/json"
                ],
                "tags": [
                    "sign"
                ],
                "summary": "Sign up Using Phone",
                "parameters": [
                    {
                        "description": "Phone--电话号码||Password-- 密码|| Name--昵称",
                        "name": "{object}",
                        "in": "body",
                        "required": true,
                        "schema": {
                            "$ref": "#/definitions/SignupUsingPhoneRequest"
                        }
                    }
                ],
                "responses": {
                    "200": {
                        "description": "OK",
                        "schema": {
                            "$ref": "#/definitions/Response"
                        }
                    },
                    "400": {
                        "description": "Bad Request",
                        "schema": {
                            "$ref": "#/definitions/Response"
                        }
                    },
                    "404": {
                        "description": "Not Found",
                        "schema": {
                            "$ref": "#/definitions/Response"
                        }
                    },
                    "500": {
                        "description": "Internal Server Error",
                        "schema": {
                            "$ref": "#/definitions/Response"
                        }
                    }
                }
            }
        },
        "/api/v1/sign/staff": {
            "post": {
                "description": "使用手机号和密码注册帐号",
                "consumes": [
                    "application/json"
                ],
                "produces": [
                    "application/json"
                ],
                "tags": [
                    "sign"
                ],
                "summary": "Sign up Using Phone",
                "parameters": [
                    {
                        "description": "Phone--电话号码||Password-- 密码|| Name--昵称",
                        "name": "{object}",
                        "in": "body",
                        "required": true,
                        "schema": {
                            "$ref": "#/definitions/SignupUsingPhoneRequest"
                        }
                    }
                ],
                "responses": {
                    "200": {
                        "description": "OK",
                        "schema": {
                            "$ref": "#/definitions/Response"
                        }
                    },
                    "400": {
                        "description": "Bad Request",
                        "schema": {
                            "$ref": "#/definitions/Response"
                        }
                    },
                    "404": {
                        "description": "Not Found",
                        "schema": {
                            "$ref": "#/definitions/Response"
                        }
                    },
                    "500": {
                        "description": "Internal Server Error",
                        "schema": {
                            "$ref": "#/definitions/Response"
                        }
                    }
                }
            }
        }
    },
    "definitions": {
        "CreateOrderRequest": {
            "type": "object",
            "required": [
                "barcode",
                "discount",
                "phone",
                "sid"
            ],
            "properties": {
                "barcode": {
                    "type": "string"
                },
                "discount": {
                    "type": "number"
                },
                "phone": {
                    "type": "string"
                },
                "sid": {
                    "type": "integer"
                }
            }
        },
        "CreateReturnOrderRequest": {
            "type": "object",
            "required": [
                "ordercode",
                "sid"
            ],
            "properties": {
                "ordercode": {
                    "type": "string"
                },
                "sid": {
                    "type": "integer"
                }
            }
        },
        "GetGoodsInStockByNameRequest": {
            "type": "object",
            "required": [
                "name"
            ],
            "properties": {
                "name": {
                    "type": "string"
                }
            }
        },
        "GetGoodsInStockByNumRequest": {
            "type": "object",
            "required": [
                "num"
            ],
            "properties": {
                "num": {
                    "type": "integer"
                }
            }
        },
        "GetGoodsInStockBySupplierRequest": {
            "type": "object",
            "required": [
                "supplier"
            ],
            "properties": {
                "supplier": {
                    "type": "string"
                }
            }
        },
        "GetOrdersByTimeRequest": {
            "type": "object",
            "required": [
                "end",
                "start"
            ],
            "properties": {
                "end": {
                    "type": "string"
                },
                "start": {
                    "type": "string"
                }
            }
        },
        "GetOrdersByUserRequest": {
            "type": "object",
            "required": [
                "phone"
            ],
            "properties": {
                "phone": {
                    "type": "string"
                }
            }
        },
        "GetProfitByTimeRequest": {
            "type": "object",
            "required": [
                "end",
                "start"
            ],
            "properties": {
                "end": {
                    "type": "string"
                },
                "start": {
                    "type": "string"
                }
            }
        },
        "LoginByPhoneRequest": {
            "type": "object",
            "properties": {
                "password": {
                    "type": "string"
                },
                "phone": {
                    "type": "string"
                }
            }
        },
        "Response": {
            "type": "object",
            "properties": {
                "code": {
                    "type": "integer"
                },
                "data": {},
                "message": {
                    "type": "string"
                }
            }
        },
        "SignupUsingPhoneRequest": {
            "type": "object",
            "required": [
                "name",
                "password",
                "phone"
            ],
            "properties": {
                "name": {
                    "type": "string"
                },
                "password": {
                    "type": "string"
                },
                "phone": {
                    "type": "string"
                }
            }
        }
    }
}